theta_0,theta_1,loss
-1.7560958133006581,-1.2445233902913297,5.66466771354266
-1.5331340061999366,-1.2445233902913297,5.4686584861476755
-1.310172199099215,-1.2445233902913297,5.272649258752689
-1.0872103919984937,-1.2445233902913297,5.076640031357704
-0.8642485848977721,-1.2445233902913297,4.880630803962719
-0.6412867777970506,-1.2445233902913297,4.684621576567733
-0.41832497069632923,-1.2445233902913297,4.488612349172747
-0.19536316359560768,-1.2445233902913297,4.292603121777762
0.027598643505113873,-1.2445233902913297,4.096593894382777
0.2505604506058354,-1.2445233902913297,3.900584666987791
0.473522257706557,-1.2445233902913297,3.704575439592806
0.6964840648072785,-1.2445233902913297,3.5085662121978203
0.9194458719079996,-1.2445233902913297,3.3125569848028356
1.1424076790087212,-1.2445233902913297,3.11654775740785
1.3653694861094428,-1.2445233902913297,2.920538530012865
1.5883312932101643,-1.2445233902913297,2.7245293026178796
1.8112931003108859,-1.2445233902913297,2.5285200752228945
2.0342549074116074,-1.2445233902913297,2.3325108478279093
2.257216714512329,-1.2445233902913297,2.1365016204329237
2.48017852161305,-1.2445233902913297,1.9404923930379383
2.703140328713772,-1.2445233902913297,1.7444831656429525
2.926102135814493,-1.2445233902913297,1.548473938247967
3.149063942915215,-1.2445233902913297,1.3524647108529815
3.3720257500159363,-1.2445233902913297,1.1564554834579968
3.5949875571166574,-1.2445233902913297,0.9604462560630114
3.8179493642173794,-1.2445233902913297,0.7644370286680257
4.0409111713181005,-1.2445233902913297,0.5684278012730408
4.2638729784188225,-1.2445233902913297,0.37555739872754546
4.486834785519544,-1.2445233902913297,0.20093418316464606
4.709796592620266,-1.2445233902913297,0.0680221771823572
4.932758399720987,-1.2445233902913297,0.013683573947782173
5.155720206821709,-1.2445233902913297,0.00527695571152621
5.37868201392243,-1.2445233902913297,0.002116224336901755
5.601643821023151,-1.2445233902913297,0.0008887588334605013
5.824605628123873,-1.2445233902913297,0.010445459137647238
6.047567435224594,-1.2445233902913297,0.05171991282564125
6.270529242325316,-1.2445233902913297,0.1711089578185393
6.493491049426038,-1.2445233902913297,0.34465170848059357
6.716452856526758,-1.2445233902913297,0.5336782833329127
6.939414663627481,-1.2445233902913297,0.7329206577197992
-1.7560958133006581,-1.1788725052925086,5.480698479357864
-1.5331340061999366,-1.1788725052925086,5.284689251962878
-1.310172199099215,-1.1788725052925086,5.088680024567892
-1.0872103919984937,-1.1788725052925086,4.892670797172907
-0.8642485848977721,-1.1788725052925086,4.696661569777921
-0.6412867777970506,-1.1788725052925086,4.500652342382937
-0.41832497069632923,-1.1788725052925086,4.30464311498795
-0.19536316359560768,-1.1788725052925086,4.1086338875929656
0.027598643505113873,-1.1788725052925086,3.91262466019798
0.2505604506058354,-1.1788725052925086,3.7166154328029943
0.473522257706557,-1.1788725052925086,3.520606205408009
0.6964840648072785,-1.1788725052925086,3.3245969780130236
0.9194458719079996,-1.1788725052925086,3.1285877506180384
1.1424076790087212,-1.1788725052925086,2.9325785232230532
1.3653694861094428,-1.1788725052925086,2.736569295828068
1.5883312932101643,-1.1788725052925086,2.540560068433083
1.8112931003108859,-1.1788725052925086,2.3445508410380977
2.0342549074116074,-1.1788725052925086,2.148541613643112
2.257216714512329,-1.1788725052925086,1.9525323862481263
2.48017852161305,-1.1788725052925086,1.7565231588531411
2.703140328713772,-1.1788725052925086,1.5605139314581555
2.926102135814493,-1.1788725052925086,1.3645047040631704
3.149063942915215,-1.1788725052925086,1.1684954766681848
3.3720257500159363,-1.1788725052925086,0.9724862492731997
3.5949875571166574,-1.1788725052925086,0.7764770218782145
3.8179493642173794,-1.1788725052925086,0.5804677944832285
4.0409111713181005,-1.1788725052925086,0.3844585670882435
4.2638729784188225,-1.1788725052925086,0.20580926332077668
4.486834785519544,-1.1788725052925086,0.06491378715870347
4.709796592620266,-1.1788725052925086,0.010962083183418443
4.932758399720987,-1.1788725052925086,0.004204357423954424
5.155720206821709,-1.1788725052925086,0.0023187389236138
5.37868201392243,-1.1788725052925086,0.01589409539387663
5.601643821023151,-1.1788725052925086,0.07981865253782985
5.824605628123873,-1.1788725052925086,0.22889999275125889
6.047567435224594,-1.1788725052925086,0.41397733129860037
6.270529242325316,-1.1788725052925086,0.6105459195177751
6.493491049426038,-1.1788725052925086,0.8144119052815594
6.716452856526758,-1.1788725052925086,1.0182778910453438
6.939414663627481,-1.1788725052925086,1.2221438768091288
-1.7560958133006581,-1.1132216202936873,5.296729245173067
-1.5331340061999366,-1.1132216202936873,5.100720017778081
-1.310172199099215,-1.1132216202936873,4.904710790383095
-1.0872103919984937,-1.1132216202936873,4.70870156298811
-0.8642485848977721,-1.1132216202936873,4.512692335593124
-0.6412867777970506,-1.1132216202936873,4.31668310819814
-0.41832497069632923,-1.1132216202936873,4.120673880803154
-0.19536316359560768,-1.1132216202936873,3.9246646534081684
0.027598643505113873,-1.1132216202936873,3.728655426013183
0.2505604506058354,-1.1132216202936873,3.5326461986181976
0.473522257706557,-1.1132216202936873,3.336636971223212
0.6964840648072785,-1.1132216202936873,3.140627743828227
0.9194458719079996,-1.1132216202936873,2.9446185164332417
1.1424076790087212,-1.1132216202936873,2.7486092890382565
1.3653694861094428,-1.1132216202936873,2.552600061643271
1.5883312932101643,-1.1132216202936873,2.3565908342482857
1.8112931003108859,-1.1132216202936873,2.1605816068533006
2.0342549074116074,-1.1132216202936873,1.964572379458315
2.257216714512329,-1.1132216202936873,1.7685631520633296
2.48017852161305,-1.1132216202936873,1.5725539246683444
2.703140328713772,-1.1132216202936873,1.3765446972733586
2.926102135814493,-1.1132216202936873,1.1805354698783734
3.149063942915215,-1.1132216202936873,0.9845262424833876
3.3720257500159363,-1.1132216202936873,0.7885170150884027
3.5949875571166574,-1.1132216202936873,0.5925077876934176
3.8179493642173794,-1.1132216202936873,0.3964985602984318
4.0409111713181005,-1.1132216202936873,0.21159288654113811
4.2638729784188225,-1.1132216202936873,0.06271506218201045
4.486834785519544,-1.1132216202936873,0.008542194103254474
4.709796592620266,-1.1132216202936873,0.004793226051489793
4.932758399720987,-1.1132216202936873,0.022225650351717145
5.155720206821709,-1.1132216202936873,0.12062746697115614
5.37868201392243,-1.1132216202936873,0.29543214079305097
5.601643821023151,-1.1132216202936873,0.4885774580811105
5.824605628123873,-1.1132216202936873,0.6920371670795352
6.047567435224594,-1.1132216202936873,0.8959031528433208
6.270529242325316,-1.1132216202936873,1.0997691386071051
6.493491049426038,-1.1132216202936873,1.3036351243708892
6.716452856526758,-1.1132216202936873,1.5075011101346734
6.939414663627481,-1.1132216202936873,1.7113670958984588
-1.7560958133006581,-1.0475707352948662,5.112760010988269
-1.5331340061999366,-1.0475707352948662,4.916750783593284
-1.310172199099215,-1.0475707352948662,4.7207415561982975
-1.0872103919984937,-1.0475707352948662,4.524732328803314
-0.8642485848977721,-1.0475707352948662,4.328723101408327
-0.6412867777970506,-1.0475707352948662,4.1327138740133424
-0.41832497069632923,-1.0475707352948662,3.936704646618357
-0.19536316359560768,-1.0475707352948662,3.7406954192233712
0.027598643505113873,-1.0475707352948662,3.5446861918283856
0.2505604506058354,-1.0475707352948662,3.3486769644334013
0.473522257706557,-1.0475707352948662,3.1526677370384153
0.6964840648072785,-1.0475707352948662,2.95665850964343
0.9194458719079996,-1.0475707352948662,2.760649282248445
1.1424076790087212,-1.0475707352948662,2.5646400548534594
1.3653694861094428,-1.0475707352948662,2.368630827458474
1.5883312932101643,-1.0475707352948662,2.1726216000634886
1.8112931003108859,-1.0475707352948662,1.9766123726685032
2.0342549074116074,-1.0475707352948662,1.780603145273518
2.257216714512329,-1.0475707352948662,1.584593917878532
2.48017852161305,-1.0475707352948662,1.3885846904835473
2.703140328713772,-1.0475707352948662,1.1925754630885612
2.926102135814493,-1.0475707352948662,0.9965662356935762
3.149063942915215,-1.0475707352948662,0.8005570082985907
3.3720257500159363,-1.0475707352948662,0.6045477809036056
3.5949875571166574,-1.0475707352948662,0.4085385535086205
3.8179493642173794,-1.0475707352948662,0.21758610445115012
4.0409111713181005,-1.0475707352948662,0.060903355900322885
4.2638729784188225,-1.0475707352948662,0.009262889519396605
4.486834785519544,-1.0475707352948662,0.03907322983957972
4.709796592620266,-1.0475707352948662,0.17846074867302036
4.932758399720987,-1.0475707352948662,0.3668611568872292
5.155720206821709,-1.0475707352948662,0.5696624288775116
5.37868201392243,-1.0475707352948662,0.773528414641296
5.601643821023151,-1.0475707352948662,0.9773944004050804
5.824605628123873,-1.0475707352948662,1.1812603861688649
6.047567435224594,-1.0475707352948662,1.3851263719326503
6.270529242325316,-1.0475707352948662,1.5889923576964349
6.493491049426038,-1.0475707352948662,1.7928583434602186
6.716452856526758,-1.0475707352948662,1.9967243292240033
6.939414663627481,-1.0475707352948662,2.200590314987788
-1.7560958133006581,-0.9819198502960449,4.9287907768034716
-1.5331340061999366,-0.9819198502960449,4.732781549408487
-1.310172199099215,-0.9819198502960449,4.536772322013501
-1.0872103919984937,-0.9819198502960449,4.340763094618516
-0.8642485848977721,-0.9819198502960449,4.144753867223531
-0.6412867777970506,-0.9819198502960449,3.9487446398285453
-0.41832497069632923,-0.9819198502960449,3.75273541243356
-0.19536316359560768,-0.9819198502960449,3.5567261850385745
0.027598643505113873,-0.9819198502960449,3.36071695764359
0.2505604506058354,-0.9819198502960449,3.1647077302486037
0.473522257706557,-0.9819198502960449,2.9686985028536186
0.6964840648072785,-0.9819198502960449,2.7726892754586334
0.9194458719079996,-0.9819198502960449,2.5766800480636483
1.1424076790087212,-0.9819198502960449,2.380670820668663
1.3653694861094428,-0.9819198502960449,2.1846615932736775
1.5883312932101643,-0.9819198502960449,1.9886523658786919
1.8112931003108859,-0.9819198502960449,1.7926431384837063
2.0342549074116074,-0.9819198502960449,1.5966339110887213
2.257216714512329,-0.9819198502960449,1.4006246836937353
2.48017852161305,-0.9819198502960449,1.2046154562987503
2.703140328713772,-0.9819198502960449,1.0086062289037645
2.926102135814493,-0.9819198502960449,0.8125970015087796
3.149063942915215,-0.9819198502960449,0.616587774113794
3.3720257500159363,-0.9819198502960449,0.4205785467188086
3.5949875571166574,-0.9819198502960449,0.2249070381605328
3.8179493642173794,-0.9819198502960449,0.06564925336158298
4.0409111713181005,-0.9819198502960449,0.07552857781938091
4.2638729784188225,-0.9819198502960449,0.2475833441022278
4.486834785519544,-0.9819198502960449,0.447287690675487
4.709796592620266,-0.9819198502960449,0.651153676439272
4.932758399720987,-0.9819198502960449,0.8550196622030564
5.155720206821709,-0.9819198502960449,1.0588856479668411
5.37868201392243,-0.9819198502960449,1.262751633730626
5.601643821023151,-0.9819198502960449,1.46661761949441
5.824605628123873,-0.9819198502960449,1.6704836052581944
6.047567435224594,-0.9819198502960449,1.8743495910219798
6.270529242325316,-0.9819198502960449,2.078215576785764
6.493491049426038,-0.9819198502960449,2.2820815625495485
6.716452856526758,-0.9819198502960449,2.4859475483133324
6.939414663627481,-0.9819198502960449,2.6898135340771177
-1.7560958133006581,-0.9162689652972238,4.744821542618675
-1.5331340061999366,-0.9162689652972238,4.548812315223691
-1.310172199099215,-0.9162689652972238,4.352803087828705
-1.0872103919984937,-0.9162689652972238,4.15679386043372
-0.8642485848977721,-0.9162689652972238,3.9607846330387337
-0.6412867777970506,-0.9162689652972238,3.7647754056437486
-0.41832497069632923,-0.9162689652972238,3.5687661782487634
-0.19536316359560768,-0.9162689652972238,3.3727569508537782
0.027598643505113873,-0.9162689652972238,3.176747723458793
0.2505604506058354,-0.9162689652972238,2.980738496063807
0.473522257706557,-0.9162689652972238,2.784729268668822
0.6964840648072785,-0.9162689652972238,2.5887200412738363
0.9194458719079996,-0.9162689652972238,2.392710813878851
1.1424076790087212,-0.9162689652972238,2.196701586483866
1.3653694861094428,-0.9162689652972238,2.00069235908888
1.5883312932101643,-0.9162689652972238,1.8046831316938947
1.8112931003108859,-0.9162689652972238,1.6086739042989096
2.0342549074116074,-0.9162689652972238,1.4126646769039246
2.257216714512329,-0.9162689652972238,1.2166554495089386
2.48017852161305,-0.9162689652972238,1.0206462221139534
2.703140328713772,-0.9162689652972238,0.8246369947189675
2.926102135814493,-0.9162689652972238,0.6286277673239826
3.149063942915215,-0.9162689652972238,0.43261853992899674
3.3720257500159363,-0.9162689652972238,0.24656063465592523
3.5949875571166574,-0.9162689652972238,0.18908635455532521
3.8179493642173794,-0.9162689652972238,0.32798764812175507
4.0409111713181005,-0.9162689652972238,0.5287789382372475
4.2638729784188225,-0.9162689652972238,0.7326449240010328
4.486834785519544,-0.9162689652972238,0.9365109097648167
4.709796592620266,-0.9162689652972238,1.140376895528602
4.932758399720987,-0.9162689652972238,1.3442428812923861
5.155720206821709,-0.9162689652972238,1.5481088670561711
5.37868201392243,-0.9162689652972238,1.7519748528199555
5.601643821023151,-0.9162689652972238,1.9558408385837398
5.824605628123873,-0.9162689652972238,2.159706824347524
6.047567435224594,-0.9162689652972238,2.363572810111309
6.270529242325316,-0.9162689652972238,2.5674387958750935
6.493491049426038,-0.9162689652972238,2.7713047816388787
6.716452856526758,-0.9162689652972238,2.9751707674026626
6.939414663627481,-0.9162689652972238,3.1790367531664483
-1.7560958133006581,-0.8506180802984026,4.560852308433879
-1.5331340061999366,-0.8506180802984026,4.364843081038893
-1.310172199099215,-0.8506180802984026,4.168833853643908
-1.0872103919984937,-0.8506180802984026,3.9728246262489235
-0.8642485848977721,-0.8506180802984026,3.776815398853937
-0.6412867777970506,-0.8506180802984026,3.580806171458952
-0.41832497069632923,-0.8506180802984026,3.3847969440639667
-0.19536316359560768,-0.8506180802984026,3.1887877166689815
0.027598643505113873,-0.8506180802984026,2.992778489273996
0.2505604506058354,-0.8506180802984026,2.7967692618790103
0.473522257706557,-0.8506180802984026,2.600760034484025
0.6964840648072785,-0.8506180802984026,2.404750807089039
0.9194458719079996,-0.8506180802984026,2.208741579694055
1.1424076790087212,-0.8506180802984026,2.012732352299069
1.3653694861094428,-0.8506180802984026,1.8167231249040836
1.5883312932101643,-0.8506180802984026,1.6207138975090978
1.8112931003108859,-0.8506180802984026,1.4247046701141128
2.0342549074116074,-0.8506180802984026,1.2286954427191277
2.257216714512329,-0.8506180802984026,1.0326862153241416
2.48017852161305,-0.8506180802984026,0.8366769879291567
2.703140328713772,-0.8506180802984026,0.6406677605341707
2.926102135814493,-0.8506180802984026,0.47145930367373196
3.149063942915215,-0.8506180802984026,0.4511875200156391
3.3720257500159363,-0.8506180802984026,0.4691806663025951
3.5949875571166574,-0.8506180802984026,0.6122722831597276
3.8179493642173794,-0.8506180802984026,0.8141361715627926
4.0409111713181005,-0.8506180802984026,1.018002157326577
4.2638729784188225,-0.8506180802984026,1.2218681430903622
4.486834785519544,-0.8506180802984026,1.4257341288541463
4.709796592620266,-0.8506180802984026,1.6296001146179313
4.932758399720987,-0.8506180802984026,1.8334661003817152
5.155720206821709,-0.8506180802984026,2.0373320861455007
5.37868201392243,-0.8506180802984026,2.2411980719092846
5.601643821023151,-0.8506180802984026,2.4450640576730693
5.824605628123873,-0.8506180802984026,2.6489300434368532
6.047567435224594,-0.8506180802984026,2.8527960292006385
6.270529242325316,-0.8506180802984026,3.056662014964423
6.493491049426038,-0.8506180802984026,3.260528000728207
6.716452856526758,-0.8506180802984026,3.464393986491992
6.939414663627481,-0.8506180802984026,3.6682599722557767
-1.7560958133006581,-0.7849671952995814,4.376883074249082
-1.5331340061999366,-0.7849671952995814,4.180873846854097
-1.310172199099215,-0.7849671952995814,3.9848646194591106
-1.0872103919984937,-0.7849671952995814,3.788855392064126
-0.8642485848977721,-0.7849671952995814,3.5928461646691403
-0.6412867777970506,-0.7849671952995814,3.396836937274155
-0.41832497069632923,-0.7849671952995814,3.2008277098791695
-0.19536316359560768,-0.7849671952995814,3.004818482484184
0.027598643505113873,-0.7849671952995814,2.8088092550891988
0.2505604506058354,-0.7849671952995814,2.6128000276942136
0.473522257706557,-0.7849671952995814,2.4167908002992275
0.6964840648072785,-0.7849671952995814,2.2207815729042424
0.9194458719079996,-0.7849671952995814,2.024772345509257
1.1424076790087212,-0.7849671952995814,1.8287631181142716
1.3653694861094428,-0.7849671952995814,1.6327538907192867
1.5883312932101643,-0.7849671952995814,1.436744663324301
1.8112931003108859,-0.7849671952995814,1.2407354359293157
2.0342549074116074,-0.7849671952995814,1.0447262085343305
2.257216714512329,-0.7849671952995814,0.8488306786703209
2.48017852161305,-0.7849671952995814,0.7328712298137742
2.703140328713772,-0.7849671952995814,0.7407279881825736
2.926102135814493,-0.7849671952995814,0.7485847465513727
3.149063942915215,-0.7849671952995814,0.7598000561334193
3.3720257500159363,-0.7849671952995814,0.8965569181977012
3.5949875571166574,-0.7849671952995814,1.0994934048883374
3.8179493642173794,-0.7849671952995814,1.3033593906521224
4.0409111713181005,-0.7849671952995814,1.5072253764159063
4.2638729784188225,-0.7849671952995814,1.7110913621796917
4.486834785519544,-0.7849671952995814,1.9149573479434758
4.709796592620266,-0.7849671952995814,2.1188233337072604
4.932758399720987,-0.7849671952995814,2.322689319471045
5.155720206821709,-0.7849671952995814,2.52655530523483
5.37868201392243,-0.7849671952995814,2.730421290998614
5.601643821023151,-0.7849671952995814,2.934287276762398
5.824605628123873,-0.7849671952995814,3.138153262526184
6.047567435224594,-0.7849671952995814,3.3420192482899678
6.270529242325316,-0.7849671952995814,3.5458852340537526
6.493491049426038,-0.7849671952995814,3.7497512198175365
6.716452856526758,-0.7849671952995814,3.953617205581322
6.939414663627481,-0.7849671952995814,4.157483191345105
-1.7560958133006581,-0.7193163103007602,4.192913840064286
-1.5331340061999366,-0.7193163103007602,3.9969046126693
-1.310172199099215,-0.7193163103007602,3.800895385274314
-1.0872103919984937,-0.7193163103007602,3.604886157879329
-0.8642485848977721,-0.7193163103007602,3.408876930484343
-0.6412867777970506,-0.7193163103007602,3.2128677030893584
-0.41832497069632923,-0.7193163103007602,3.016858475694373
-0.19536316359560768,-0.7193163103007602,2.8208492482993877
0.027598643505113873,-0.7193163103007602,2.624840020904402
0.2505604506058354,-0.7193163103007602,2.428830793509416
0.473522257706557,-0.7193163103007602,2.232821566114431
0.6964840648072785,-0.7193163103007602,2.0368123387194452
0.9194458719079996,-0.7193163103007602,1.8408031113244605
1.1424076790087212,-0.7193163103007602,1.644793883929475
1.3653694861094428,-0.7193163103007602,1.4487846565344895
1.5883312932101643,-0.7193163103007602,1.252775429139504
1.8112931003108859,-0.7193163103007602,1.0611535384417377
2.0342549074116074,-0.7193163103007602,1.0224116979807087
2.257216714512329,-0.7193163103007602,1.030268456349508
2.48017852161305,-0.7193163103007602,1.0381252147183069
2.703140328713772,-0.7193163103007602,1.0459819730871063
2.926102135814493,-0.7193163103007602,1.0538841254380171
3.149063942915215,-0.7193163103007602,1.1809846524500986
3.3720257500159363,-0.7193163103007602,1.384850638213883
3.5949875571166574,-0.7193163103007602,1.5887166239776676
3.8179493642173794,-0.7193163103007602,1.7925826097414517
4.0409111713181005,-0.7193163103007602,1.9964485955052365
4.2638729784188225,-0.7193163103007602,2.200314581269022
4.486834785519544,-0.7193163103007602,2.404180567032806
4.709796592620266,-0.7193163103007602,2.6080465527965906
4.932758399720987,-0.7193163103007602,2.8119125385603745
5.155720206821709,-0.7193163103007602,3.0157785243241606
5.37868201392243,-0.7193163103007602,3.2196445100879436
5.601643821023151,-0.7193163103007602,3.4235104958517284
5.824605628123873,-0.7193163103007602,3.627376481615512
6.047567435224594,-0.7193163103007602,3.831242467379298
6.270529242325316,-0.7193163103007602,4.035108453143082
6.493491049426038,-0.7193163103007602,4.238974438906866
6.716452856526758,-0.7193163103007602,4.442840424670652
6.939414663627481,-0.7193163103007602,4.646706410434436
-1.7560958133006581,-0.6536654253019389,4.008944605879488
-1.5331340061999366,-0.6536654253019389,3.8129353784845033
-1.310172199099215,-0.6536654253019389,3.616926151089517
-1.0872103919984937,-0.6536654253019389,3.420916923694532
-0.8642485848977721,-0.6536654253019389,3.2249076962995464
-0.6412867777970506,-0.6536654253019389,3.0288984689045613
-0.41832497069632923,-0.6536654253019389,2.832889241509575
-0.19536316359560768,-0.6536654253019389,2.63688001411459
0.027598643505113873,-0.6536654253019389,2.440870786719605
0.2505604506058354,-0.6536654253019389,2.2448615593246197
0.473522257706557,-0.6536654253019389,2.0488523319296337
0.6964840648072785,-0.6536654253019389,1.8528431045346485
0.9194458719079996,-0.6536654253019389,1.6568338771396633
1.1424076790087212,-0.6536654253019389,1.4608246497446777
1.3653694861094428,-0.6536654253019389,1.3100578747707932
1.5883312932101643,-0.6536654253019389,1.3119521661476432
1.8112931003108859,-0.6536654253019389,1.3198089245164422
2.0342549074116074,-0.6536654253019389,1.3276656828852413
2.257216714512329,-0.6536654253019389,1.3355224412540405
2.48017852161305,-0.6536654253019389,1.34337919962284
2.703140328713772,-0.6536654253019389,1.3512359579916395
2.926102135814493,-0.6536654253019389,1.4663418857756432
3.149063942915215,-0.6536654253019389,1.6702078715394282
3.3720257500159363,-0.6536654253019389,1.8740738573032127
3.5949875571166574,-0.6536654253019389,2.0779398430669973
3.8179493642173794,-0.6536654253019389,2.281805828830782
4.0409111713181005,-0.6536654253019389,2.4856718145945664
4.2638729784188225,-0.6536654253019389,2.689537800358351
4.486834785519544,-0.6536654253019389,2.8934037861221356
4.709796592620266,-0.6536654253019389,3.09726977188592
4.932758399720987,-0.6536654253019389,3.3011357576497056
5.155720206821709,-0.6536654253019389,3.505001743413489
5.37868201392243,-0.6536654253019389,3.708867729177274
5.601643821023151,-0.6536654253019389,3.9127337149410586
5.824605628123873,-0.6536654253019389,4.1165997007048425
6.047567435224594,-0.6536654253019389,4.320465686468628
6.270529242325316,-0.6536654253019389,4.524331672232412
6.493491049426038,-0.6536654253019389,4.728197657996197
6.716452856526758,-0.6536654253019389,4.932063643759981
6.939414663627481,-0.6536654253019389,5.135929629523766
-1.7560958133006581,-0.5880145403031177,3.8249753716946913
-1.5331340061999366,-0.5880145403031177,3.628966144299706
-1.310172199099215,-0.5880145403031177,3.4329569169047205
-1.0872103919984937,-0.5880145403031177,3.2369476895097353
-0.8642485848977721,-0.5880145403031177,3.040938462114749
-0.6412867777970506,-0.5880145403031177,2.8449292347197637
-0.41832497069632923,-0.5880145403031177,2.6489200073247785
-0.19536316359560768,-0.5880145403031177,2.4529107799297933
0.027598643505113873,-0.5880145403031177,2.2569015525348077
0.2505604506058354,-0.5880145403031177,2.0608923251398226
0.473522257706557,-0.5880145403031177,1.8648830977448372
0.6964840648072785,-0.5880145403031177,1.6780908957151055
0.9194458719079996,-0.5880145403031177,1.5936358759457778
1.1424076790087212,-0.5880145403031177,1.6014926343145774
1.3653694861094428,-0.5880145403031177,1.609349392683376
1.5883312932101643,-0.5880145403031177,1.6172061510521758
1.8112931003108859,-0.5880145403031177,1.6250629094209754
2.0342549074116074,-0.5880145403031177,1.6329196677897744
2.257216714512329,-0.5880145403031177,1.6407764261585733
2.48017852161305,-0.5880145403031177,1.6486331845273727
2.703140328713772,-0.5880145403031177,1.7530333415843924
2.926102135814493,-0.5880145403031177,1.955565104864973
3.149063942915215,-0.5880145403031177,2.1594310906287584
3.3720257500159363,-0.5880145403031177,2.3632970763925423
3.5949875571166574,-0.5880145403031177,2.567163062156327
3.8179493642173794,-0.5880145403031177,2.7710290479201114
4.0409111713181005,-0.5880145403031177,2.9748950336838957
4.2638729784188225,-0.5880145403031177,3.178761019447681
4.486834785519544,-0.5880145403031177,3.3826270052114644
4.709796592620266,-0.5880145403031177,3.58649299097525
4.932758399720987,-0.5880145403031177,3.7903589767390344
5.155720206821709,-0.5880145403031177,3.994224962502819
5.37868201392243,-0.5880145403031177,4.198090948266603
5.601643821023151,-0.5880145403031177,4.4019569340303875
5.824605628123873,-0.5880145403031177,4.605822919794172
6.047567435224594,-0.5880145403031177,4.809688905557957
6.270529242325316,-0.5880145403031177,5.013554891321743
6.493491049426038,-0.5880145403031177,5.217420877085527
6.716452856526758,-0.5880145403031177,5.4212868628493105
6.939414663627481,-0.5880145403031177,5.625152848613095
-1.7560958133006581,-0.5223636553042965,3.641006137509894
-1.5331340061999366,-0.5223636553042965,3.444996910114909
-1.310172199099215,-0.5223636553042965,3.2489876827199224
-1.0872103919984937,-0.5223636553042965,3.052978455324938
-0.8642485848977721,-0.5223636553042965,2.856969227929952
-0.6412867777970506,-0.5223636553042965,2.660960000534967
-0.41832497069632923,-0.5223636553042965,2.464950773139982
-0.19536316359560768,-0.5223636553042965,2.268941545744996
0.027598643505113873,-0.5223636553042965,2.075595148575492
0.2505604506058354,-0.5223636553042965,1.9167189690053847
0.473522257706557,-0.5223636553042965,1.8831763441127123
0.6964840648072785,-0.5223636553042965,1.8910331024815117
0.9194458719079996,-0.5223636553042965,1.8988898608503115
1.1424076790087212,-0.5223636553042965,1.9067466192191103
1.3653694861094428,-0.5223636553042965,1.9146033775879097
1.5883312932101643,-0.5223636553042965,1.9224601359567088
1.8112931003108859,-0.5223636553042965,1.9303168943255076
2.0342549074116074,-0.5223636553042965,1.938173652694307
2.257216714512329,-0.5223636553042965,1.9464434427937132
2.48017852161305,-0.5223636553042965,2.041157199805215
2.703140328713772,-0.5223636553042965,2.240922338190519
2.926102135814493,-0.5223636553042965,2.444788323954303
3.149063942915215,-0.5223636553042965,2.6486543097180886
3.3720257500159363,-0.5223636553042965,2.852520295481871
3.5949875571166574,-0.5223636553042965,3.056386281245657
3.8179493642173794,-0.5223636553042965,3.260252267009441
4.0409111713181005,-0.5223636553042965,3.464118252773226
4.2638729784188225,-0.5223636553042965,3.667984238537011
4.486834785519544,-0.5223636553042965,3.871850224300794
4.709796592620266,-0.5223636553042965,4.07571621006458
4.932758399720987,-0.5223636553042965,4.279582195828365
5.155720206821709,-0.5223636553042965,4.4834481815921485
5.37868201392243,-0.5223636553042965,4.687314167355933
5.601643821023151,-0.5223636553042965,4.891180153119718
5.824605628123873,-0.5223636553042965,5.095046138883503
6.047567435224594,-0.5223636553042965,5.298912124647289
6.270529242325316,-0.5223636553042965,5.5027781104110725
6.493491049426038,-0.5223636553042965,5.706644096174857
6.716452856526758,-0.5223636553042965,5.91051008193864
6.939414663627481,-0.5223636553042965,6.114376067702426
-1.7560958133006581,-0.4567127703054754,3.4570369033250974
-1.5331340061999366,-0.4567127703054754,3.2610276759301122
-1.310172199099215,-0.4567127703054754,3.065018448535127
-1.0872103919984937,-0.4567127703054754,2.869009221140142
-0.8642485848977721,-0.4567127703054754,2.6729999937451554
-0.6412867777970506,-0.4567127703054754,2.478160636813297
-0.41832497069632923,-0.4567127703054754,2.300108814575155
-0.19536316359560768,-0.4567127703054754,2.1813785456251606
0.027598643505113873,-0.4567127703054754,2.1727168122796465
0.2505604506058354,-0.4567127703054754,2.1805735706484457
0.473522257706557,-0.4567127703054754,2.1884303290172453
0.6964840648072785,-0.4567127703054754,2.196287087386044
0.9194458719079996,-0.4567127703054754,2.2041438457548432
1.1424076790087212,-0.4567127703054754,2.2120006041236424
1.3653694861094428,-0.4567127703054754,2.2198573624924416
1.5883312932101643,-0.4567127703054754,2.227714120861241
1.8112931003108859,-0.4567127703054754,2.2355708792300404
2.0342549074116074,-0.4567127703054754,2.2456607667082453
2.257216714512329,-0.4567127703054754,2.3314723137379953
2.48017852161305,-0.4567127703054754,2.5262795715160626
2.703140328713772,-0.4567127703054754,2.7301455572798465
2.926102135814493,-0.4567127703054754,2.9340115430436318
3.149063942915215,-0.4567127703054754,3.137877528807416
3.3720257500159363,-0.4567127703054754,3.341743514571201
3.5949875571166574,-0.4567127703054754,3.5456095003349843
3.8179493642173794,-0.4567127703054754,3.7494754860987705
4.0409111713181005,-0.4567127703054754,3.9533414718625544
4.2638729784188225,-0.4567127703054754,4.157207457626339
4.486834785519544,-0.4567127703054754,4.361073443390124
4.709796592620266,-0.4567127703054754,4.564939429153908
4.932758399720987,-0.4567127703054754,4.768805414917693
5.155720206821709,-0.4567127703054754,4.972671400681478
5.37868201392243,-0.4567127703054754,5.176537386445262
5.601643821023151,-0.4567127703054754,5.380403372209047
5.824605628123873,-0.4567127703054754,5.584269357972832
6.047567435224594,-0.4567127703054754,5.7881353437366165
6.270529242325316,-0.4567127703054754,5.9920013295004
6.493491049426038,-0.4567127703054754,6.195867315264184
6.716452856526758,-0.4567127703054754,6.399733301027968
6.939414663627481,-0.4567127703054754,6.603599286791755
-1.7560958133006581,-0.3910618853066542,3.2730676691403
-1.5331340061999366,-0.3910618853066542,3.0770584417453155
-1.310172199099215,-0.3910618853066542,2.8815900018010985
-1.0872103919984937,-0.3910618853066542,2.69652962978667
-0.8642485848977721,-0.3910618853066542,2.5349161017000927
-0.6412867777970506,-0.3910618853066542,2.46078503469745
-0.41832497069632923,-0.3910618853066542,2.4622572804465808
-0.19536316359560768,-0.3910618853066542,2.47011403881538
0.027598643505113873,-0.3910618853066542,2.4779707971841787
0.2505604506058354,-0.3910618853066542,2.4858275555529783
0.473522257706557,-0.3910618853066542,2.4936843139217775
0.6964840648072785,-0.3910618853066542,2.5015410722905767
0.9194458719079996,-0.3910618853066542,2.509397830659376
1.1424076790087212,-0.3910618853066542,2.517254589028175
1.3653694861094428,-0.3910618853066542,2.525111347396974
1.5883312932101643,-0.3910618853066542,2.5329681057657734
1.8112931003108859,-0.3910618853066542,2.5455758473450087
2.0342549074116074,-0.3910618853066542,2.6255774482138174
2.257216714512329,-0.3910618853066542,2.812689045249852
2.48017852161305,-0.3910618853066542,3.015502790605392
2.703140328713772,-0.3910618853066542,3.219368776369177
2.926102135814493,-0.3910618853066542,3.423234762132961
3.149063942915215,-0.3910618853066542,3.6271007478967463
3.3720257500159363,-0.3910618853066542,3.830966733660531
3.5949875571166574,-0.3910618853066542,4.0348327194243145
3.8179493642173794,-0.3910618853066542,4.238698705188099
4.0409111713181005,-0.3910618853066542,4.442564690951883
4.2638729784188225,-0.3910618853066542,4.646430676715669
4.486834785519544,-0.3910618853066542,4.850296662479454
4.709796592620266,-0.3910618853066542,5.0541626482432385
4.932758399720987,-0.3910618853066542,5.258028634007022
5.155720206821709,-0.3910618853066542,5.461894619770808
5.37868201392243,-0.3910618853066542,5.665760605534591
5.601643821023151,-0.3910618853066542,5.869626591298377
5.824605628123873,-0.3910618853066542,6.0734925770621615
6.047567435224594,-0.3910618853066542,6.277358562825945
6.270529242325316,-0.3910618853066542,6.481224548589729
6.493491049426038,-0.3910618853066542,6.685090534353515
6.716452856526758,-0.3910618853066542,6.888956520117299
6.939414663627481,-0.3910618853066542,7.0928225058810845
-1.7560958133006581,-0.325411000307833,3.095649323735347
-1.5331340061999366,-0.325411000307833,2.9221267334352046
-1.310172199099215,-0.325411000307833,2.7892886573960003
-1.0872103919984937,-0.325411000307833,2.7467911865913273
-0.8642485848977721,-0.325411000307833,2.7517977486135146
-0.6412867777970506,-0.325411000307833,2.7596545069823137
-0.41832497069632923,-0.325411000307833,2.767511265351114
-0.19536316359560768,-0.325411000307833,2.775368023719913
0.027598643505113873,-0.325411000307833,2.7832247820887117
0.2505604506058354,-0.325411000307833,2.7910815404575113
0.473522257706557,-0.325411000307833,2.7989382988263105
0.6964840648072785,-0.325411000307833,2.8067950571951092
0.9194458719079996,-0.325411000307833,2.8146518155639084
1.1424076790087212,-0.325411000307833,2.8225085739327085
1.3653694861094428,-0.325411000307833,2.830622558492113
1.5883312932101643,-0.325411000307833,2.8456301423733317
1.8112931003108859,-0.325411000307833,2.922600569307911
2.0342549074116074,-0.325411000307833,3.0994011410426867
2.257216714512329,-0.325411000307833,3.300860023930938
2.48017852161305,-0.325411000307833,3.5047260096947213
2.703140328713772,-0.325411000307833,3.7085919954585065
2.926102135814493,-0.325411000307833,3.912457981222291
3.149063942915215,-0.325411000307833,4.116323966986076
3.3720257500159363,-0.325411000307833,4.3201899527498595
3.5949875571166574,-0.325411000307833,4.524055938513644
3.8179493642173794,-0.325411000307833,4.727921924277429
4.0409111713181005,-0.325411000307833,4.931787910041213
4.2638729784188225,-0.325411000307833,5.135653895804998
4.486834785519544,-0.325411000307833,5.339519881568783
4.709796592620266,-0.325411000307833,5.543385867332567
4.932758399720987,-0.325411000307833,5.747251853096352
5.155720206821709,-0.325411000307833,5.951117838860138
5.37868201392243,-0.325411000307833,6.154983824623921
5.601643821023151,-0.325411000307833,6.3588498103877065
5.824605628123873,-0.325411000307833,6.562715796151491
6.047567435224594,-0.325411000307833,6.766581781915275
6.270529242325316,-0.325411000307833,6.97044776767906
6.493491049426038,-0.325411000307833,7.174313753442846
6.716452856526758,-0.325411000307833,7.378179739206629
6.939414663627481,-0.325411000307833,7.582045724970413
-1.7560958133006581,-0.2597601153090118,3.056210675910184
-1.5331340061999366,-0.2597601153090118,3.034742170151188
-1.310172199099215,-0.2597601153090118,3.0413382167804497
-1.0872103919984937,-0.2597601153090118,3.049194975149248
-0.8642485848977721,-0.2597601153090118,3.0570517335180476
-0.6412867777970506,-0.2597601153090118,3.064908491886847
-0.41832497069632923,-0.2597601153090118,3.072765250255646
-0.19536316359560768,-0.2597601153090118,3.0806220086244447
0.027598643505113873,-0.2597601153090118,3.0884787669932443
0.2505604506058354,-0.2597601153090118,3.096335525362043
0.473522257706557,-0.2597601153090118,3.104192283730843
0.6964840648072785,-0.2597601153090118,3.1120490420996423
0.9194458719079996,-0.2597601153090118,3.119905800468442
1.1424076790087212,-0.2597601153090118,3.129092383315417
1.3653694861094428,-0.2597601153090118,3.1456844374016537
1.5883312932101643,-0.2597601153090118,3.220401062637243
1.8112931003108859,-0.2597601153090118,3.387838892253333
2.0342549074116074,-0.2597601153090118,3.5862172572564823
2.257216714512329,-0.2597601153090118,3.7900832430202662
2.48017852161305,-0.2597601153090118,3.993949228784051
2.703140328713772,-0.2597601153090118,4.197815214547836
2.926102135814493,-0.2597601153090118,4.4016812003116215
3.149063942915215,-0.2597601153090118,4.605547186075405
3.3720257500159363,-0.2597601153090118,4.809413171839189
3.5949875571166574,-0.2597601153090118,5.013279157602974
3.8179493642173794,-0.2597601153090118,5.21714514336676
4.0409111713181005,-0.2597601153090118,5.421011129130543
4.2638729784188225,-0.2597601153090118,5.6248771148943275
4.486834785519544,-0.2597601153090118,5.828743100658114
4.709796592620266,-0.2597601153090118,6.032609086421899
4.932758399720987,-0.2597601153090118,6.236475072185681
5.155720206821709,-0.2597601153090118,6.440341057949467
5.37868201392243,-0.2597601153090118,6.644207043713253
5.601643821023151,-0.2597601153090118,6.848073029477035
5.824605628123873,-0.2597601153090118,7.051939015240818
6.047567435224594,-0.2597601153090118,7.255805001004604
6.270529242325316,-0.2597601153090118,7.45967098676839
6.493491049426038,-0.2597601153090118,7.6635369725321745
6.716452856526758,-0.2597601153090118,7.867402958295958
6.939414663627481,-0.2597601153090118,8.071268944059742
-1.7560958133006581,-0.19410923031019056,3.3308786849473835
-1.5331340061999366,-0.19410923031019056,3.338735443316182
-1.310172199099215,-0.19410923031019056,3.3465922016849827
-1.0872103919984937,-0.19410923031019056,3.354448960053781
-0.8642485848977721,-0.19410923031019056,3.3623057184225797
-0.6412867777970506,-0.19410923031019056,3.37016247679138
-0.41832497069632923,-0.19410923031019056,3.378019235160179
-0.19536316359560768,-0.19410923031019056,3.3858759935289786
0.027598643505113873,-0.19410923031019056,3.393732751897777
0.2505604506058354,-0.19410923031019056,3.401589510266577
0.473522257706557,-0.19410923031019056,3.4094462686353753
0.6964840648072785,-0.19410923031019056,3.417303027004175
0.9194458719079996,-0.19410923031019056,3.427562208138724
1.1424076790087212,-0.19410923031019056,3.445871889276267
1.3653694861094428,-0.19410923031019056,3.5189210277229153
1.5883312932101643,-0.19410923031019056,3.6777413397625383
1.8112931003108859,-0.19410923031019056,3.8728781616992394
2.0342549074116074,-0.19410923031019056,4.075440476345811
2.257216714512329,-0.19410923031019056,4.279306462109597
2.48017852161305,-0.19410923031019056,4.483172447873381
2.703140328713772,-0.19410923031019056,4.6870384336371655
2.926102135814493,-0.19410923031019056,4.89090441940095
3.149063942915215,-0.19410923031019056,5.094770405164735
3.3720257500159363,-0.19410923031019056,5.298636390928518
3.5949875571166574,-0.19410923031019056,5.502502376692304
3.8179493642173794,-0.19410923031019056,5.706368362456089
4.0409111713181005,-0.19410923031019056,5.9102343482198725
4.2638729784188225,-0.19410923031019056,6.11410033398366
4.486834785519544,-0.19410923031019056,6.317966319747442
4.709796592620266,-0.19410923031019056,6.521832305511228
4.932758399720987,-0.19410923031019056,6.725698291275011
5.155720206821709,-0.19410923031019056,6.929564277038797
5.37868201392243,-0.19410923031019056,7.133430262802582
5.601643821023151,-0.19410923031019056,7.337296248566365
5.824605628123873,-0.19410923031019056,7.541162234330148
6.047567435224594,-0.19410923031019056,7.745028220093936
6.270529242325316,-0.19410923031019056,7.948894205857721
6.493491049426038,-0.19410923031019056,8.152760191621503
6.716452856526758,-0.19410923031019056,8.356626177385287
6.939414663627481,-0.19410923031019056,8.560492163149073
-1.7560958133006581,-0.12845834531136946,3.6361326698519165
-1.5331340061999366,-0.12845834531136946,3.6439894282207153
-1.310172199099215,-0.12845834531136946,3.6518461865895153
-1.0872103919984937,-0.12845834531136946,3.6597029449583145
-0.8642485848977721,-0.12845834531136946,3.6675597033271132
-0.6412867777970506,-0.12845834531136946,3.6754164616959115
-0.41832497069632923,-0.12845834531136946,3.6832732200647116
-0.19536316359560768,-0.12845834531136946,3.6911299784335108
0.027598643505113873,-0.12845834531136946,3.69898673680231
0.2505604506058354,-0.12845834531136946,3.70684349517111
0.473522257706557,-0.12845834531136946,3.7150145432186044
0.6964840648072785,-0.12845834531136946,3.7260320329620282
0.9194458719079996,-0.12845834531136946,3.746473676019862
1.1424076790087212,-0.12845834531136946,3.8182980253961563
1.3653694861094428,-0.12845834531136946,3.968329380861537
1.5883312932101643,-0.12845834531136946,4.1595902574920744
1.8112931003108859,-0.12845834531136946,4.360797709671357
2.0342549074116074,-0.12845834531136946,4.564663695435141
2.257216714512329,-0.12845834531136946,4.768529681198927
2.48017852161305,-0.12845834531136946,4.9723956669627105
2.703140328713772,-0.12845834531136946,5.176261652726497
2.926102135814493,-0.12845834531136946,5.38012763849028
3.149063942915215,-0.12845834531136946,5.583993624254066
3.3720257500159363,-0.12845834531136946,5.7878596100178505
3.5949875571166574,-0.12845834531136946,5.991725595781634
3.8179493642173794,-0.12845834531136946,6.195591581545419
4.0409111713181005,-0.12845834531136946,6.399457567309202
4.2638729784188225,-0.12845834531136946,6.603323553072988
4.486834785519544,-0.12845834531136946,6.807189538836773
4.709796592620266,-0.12845834531136946,7.011055524600556
4.932758399720987,-0.12845834531136946,7.214921510364341
5.155720206821709,-0.12845834531136946,7.418787496128127
5.37868201392243,-0.12845834531136946,7.622653481891912
5.601643821023151,-0.12845834531136946,7.826519467655695
5.824605628123873,-0.12845834531136946,8.030385453419479
6.047567435224594,-0.12845834531136946,8.234251439183266
6.270529242325316,-0.12845834531136946,8.43811742494705
6.493491049426038,-0.12845834531136946,8.641983410710834
6.716452856526758,-0.12845834531136946,8.845849396474618
6.939414663627481,-0.12845834531136946,9.049715382238404
-1.7560958133006581,-0.06280746031254814,3.94138665475645
-1.5331340061999366,-0.06280746031254814,3.949243413125249
-1.310172199099215,-0.06280746031254814,3.9571001714940475
-1.0872103919984937,-0.06280746031254814,3.964956929862848
-0.8642485848977721,-0.06280746031254814,3.9728136882316467
-0.6412867777970506,-0.06280746031254814,3.9806704466004446
-0.41832497069632923,-0.06280746031254814,3.988527204969244
-0.19536316359560768,-0.06280746031254814,3.996383963338043
0.027598643505113873,-0.06280746031254814,4.004240721706843
0.2505604506058354,-0.06280746031254814,4.01348436804191
0.473522257706557,-0.06280746031254814,4.024701346277422
0.6964840648072785,-0.06280746031254814,4.047438641542815
0.9194458719079996,-0.06280746031254814,4.117967912210218
1.1424076790087212,-0.06280746031254814,4.260861050004511
1.3653694861094428,-0.06280746031254814,4.447201356646733
1.5883312932101643,-0.06280746031254814,4.646355182355792
1.8112931003108859,-0.06280746031254814,4.850020928760688
2.0342549074116074,-0.06280746031254814,5.053886914524472
2.257216714512329,-0.06280746031254814,5.2577529002882555
2.48017852161305,-0.06280746031254814,5.46161888605204
2.703140328713772,-0.06280746031254814,5.665484871815826
2.926102135814493,-0.06280746031254814,5.8693508575796125
3.149063942915215,-0.06280746031254814,6.073216843343394
3.3720257500159363,-0.06280746031254814,6.277082829107178
3.5949875571166574,-0.06280746031254814,6.480948814870963
3.8179493642173794,-0.06280746031254814,6.684814800634748
4.0409111713181005,-0.06280746031254814,6.888680786398535
4.2638729784188225,-0.06280746031254814,7.092546772162317
4.486834785519544,-0.06280746031254814,7.296412757926102
4.709796592620266,-0.06280746031254814,7.500278743689888
4.932758399720987,-0.06280746031254814,7.704144729453674
5.155720206821709,-0.06280746031254814,7.908010715217457
5.37868201392243,-0.06280746031254814,8.11187670098124
5.601643821023151,-0.06280746031254814,8.315742686745024
5.824605628123873,-0.06280746031254814,8.51960867250881
6.047567435224594,-0.06280746031254814,8.723474658272597
6.270529242325316,-0.06280746031254814,8.927340644036379
6.493491049426038,-0.06280746031254814,9.131206629800163
6.716452856526758,-0.06280746031254814,9.33507261556395
6.939414663627481,-0.06280746031254814,9.538938601327732
-1.7560958133006581,0.002843424686272966,4.246640639660981
-1.5331340061999366,0.002843424686272966,4.25449739802978
-1.310172199099215,0.002843424686272966,4.26235415639858
-1.0872103919984937,0.002843424686272966,4.27021091476738
-0.8642485848977721,0.002843424686272966,4.278067673136178
-0.6412867777970506,0.002843424686272966,4.285924431504978
-0.41832497069632923,0.002843424686272966,4.293781189873775
-0.19536316359560768,0.002843424686272966,4.3016379482425755
0.027598643505113873,0.002843424686272966,4.3119541928652145
0.2505604506058354,0.002843424686272966,4.323797893507765
0.473522257706557,0.002843424686272966,4.348403607065769
0.6964840648072785,0.002843424686272966,4.41777432447569
0.9194458719079996,0.002843424686272966,4.554867554253244
1.1424076790087212,0.002843424686272966,4.736063694292098
1.3653694861094428,0.002843424686272966,4.933067278148628
1.5883312932101643,0.002843424686272966,5.135378162086231
1.8112931003108859,0.002843424686272966,5.3392441478500166
2.0342549074116074,0.002843424686272966,5.5431101336138
2.257216714512329,0.002843424686272966,5.746976119377585
2.48017852161305,0.002843424686272966,5.950842105141369
2.703140328713772,0.002843424686272966,6.154708090905155
2.926102135814493,0.002843424686272966,6.3585740766689405
3.149063942915215,0.002843424686272966,6.562440062432724
3.3720257500159363,0.002843424686272966,6.766306048196508
3.5949875571166574,0.002843424686272966,6.970172033960292
3.8179493642173794,0.002843424686272966,7.174038019724078
4.0409111713181005,0.002843424686272966,7.377904005487863
4.2638729784188225,0.002843424686272966,7.581769991251646
4.486834785519544,0.002843424686272966,7.78563597701543
4.709796592620266,0.002843424686272966,7.989501962779216
4.932758399720987,0.002843424686272966,8.193367948543
5.155720206821709,0.002843424686272966,8.397233934306783
5.37868201392243,0.002843424686272966,8.601099920070569
5.601643821023151,0.002843424686272966,8.804965905834354
5.824605628123873,0.002843424686272966,9.008831891598136
6.047567435224594,0.002843424686272966,9.212697877361924
6.270529242325316,0.002843424686272966,9.416563863125708
6.493491049426038,0.002843424686272966,9.620429848889493
6.716452856526758,0.002843424686272966,9.824295834653276
6.939414663627481,0.002843424686272966,10.028161820417061
-1.7560958133006581,0.06849430968509429,4.551894624565516
-1.5331340061999366,0.06849430968509429,4.559751382934314
-1.310172199099215,0.06849430968509429,4.567608141303114
-1.0872103919984937,0.06849430968509429,4.575464899671912
-0.8642485848977721,0.06849430968509429,4.5833216580407115
-0.6412867777970506,0.06849430968509429,4.591178416409511
-0.41832497069632923,0.06849430968509429,4.599406527945097
-0.19536316359560768,0.06849430968509429,4.61042401768852
0.027598643505113873,0.06849430968509429,4.623339048420181
0.2505604506058354,0.06849430968509429,4.649368572588723
0.473522257706557,0.06849430968509429,4.718099815814398
0.6964840648072785,0.06849430968509429,4.850494574430236
0.9194458719079996,0.06849430968509429,5.02535987050532
1.1424076790087212,0.06849430968509429,5.2197793739414635
1.3653694861094428,0.06849430968509429,5.420735395411778
1.5883312932101643,0.06849430968509429,5.624601381175562
1.8112931003108859,0.06849430968509429,5.828467366939346
2.0342549074116074,0.06849430968509429,6.032333352703131
2.257216714512329,0.06849430968509429,6.236199338466915
2.48017852161305,0.06849430968509429,6.440065324230701
2.703140328713772,0.06849430968509429,6.643931309994486
2.926102135814493,0.06849430968509429,6.8477972957582685
3.149063942915215,0.06849430968509429,7.051663281522056
3.3720257500159363,0.06849430968509429,7.25552926728584
3.5949875571166574,0.06849430968509429,7.459395253049624
3.8179493642173794,0.06849430968509429,7.6632612388134085
4.0409111713181005,0.06849430968509429,7.867127224577193
4.2638729784188225,0.06849430968509429,8.070993210340976
4.486834785519544,0.06849430968509429,8.274859196104762
4.709796592620266,0.06849430968509429,8.478725181868548
4.932758399720987,0.06849430968509429,8.682591167632332
5.155720206821709,0.06849430968509429,8.886457153396115
5.37868201392243,0.06849430968509429,9.090323139159901
5.601643821023151,0.06849430968509429,9.294189124923685
5.824605628123873,0.06849430968509429,9.498055110687467
6.047567435224594,0.06849430968509429,9.701921096451255
6.270529242325316,0.06849430968509429,9.905787082215038
6.493491049426038,0.06849430968509429,10.109653067978824
6.716452856526758,0.06849430968509429,10.313519053742606
6.939414663627481,0.06849430968509429,10.517385039506388
-1.7560958133006581,0.1341451946839154,4.857148609470047
-1.5331340061999366,0.1341451946839154,4.8650053678388465
-1.310172199099215,0.1341451946839154,4.872862126207646
-1.0872103919984937,0.1341451946839154,4.880718884576445
-0.8642485848977721,0.1341451946839154,4.888575642945244
-0.6412867777970506,0.1341451946839154,4.897876352768402
-0.41832497069632923,0.1341451946839154,4.908893842511826
-0.19536316359560768,0.1341451946839154,4.922880203332597
0.027598643505113873,0.1341451946839154,4.950333538111676
0.2505604506058354,0.1341451946839154,5.019025876962357
0.473522257706557,0.1341451946839154,5.146269702600156
0.6964840648072785,0.1341451946839154,5.315503869302081
0.9194458719079996,0.1341451946839154,5.50699374387465
1.1424076790087212,0.1341451946839154,5.706544298805179
1.3653694861094428,0.1341451946839154,5.909958614501107
1.5883312932101643,0.1341451946839154,6.113824600264892
1.8112931003108859,0.1341451946839154,6.317690586028675
2.0342549074116074,0.1341451946839154,6.52155657179246
2.257216714512329,0.1341451946839154,6.725422557556244
2.48017852161305,0.1341451946839154,6.929288543320028
2.703140328713772,0.1341451946839154,7.133154529083813
2.926102135814493,0.1341451946839154,7.337020514847596
3.149063942915215,0.1341451946839154,7.540886500611382
3.3720257500159363,0.1341451946839154,7.744752486375168
3.5949875571166574,0.1341451946839154,7.9486184721389535
3.8179493642173794,0.1341451946839154,8.152484457902736
4.0409111713181005,0.1341451946839154,8.35635044366652
4.2638729784188225,0.1341451946839154,8.560216429430307
4.486834785519544,0.1341451946839154,8.76408241519409
4.709796592620266,0.1341451946839154,8.967948400957875
4.932758399720987,0.1341451946839154,9.171814386721659
5.155720206821709,0.1341451946839154,9.375680372485443
5.37868201392243,0.1341451946839154,9.579546358249228
5.601643821023151,0.1341451946839154,9.783412344013012
5.824605628123873,0.1341451946839154,9.987278329776796
6.047567435224594,0.1341451946839154,10.191144315540582
6.270529242325316,0.1341451946839154,10.395010301304369
6.493491049426038,0.1341451946839154,10.598876287068151
6.716452856526758,0.1341451946839154,10.802742272831933
6.939414663627481,0.1341451946839154,11.006608258595723
-1.7560958133006581,0.19979607968273672,5.162402594374581
-1.5331340061999366,0.19979607968273672,5.170259352743379
-1.310172199099215,0.19979607968273672,5.178116111112178
-1.0872103919984937,0.19979607968273672,5.185972869480978
-0.8642485848977721,0.19979607968273672,5.196346177591709
-0.6412867777970506,0.19979607968273672,5.207363667335131
-0.41832497069632923,0.19979607968273672,5.222421358245015
-0.19536316359560768,0.19979607968273672,5.251336454402959
0.027598643505113873,0.19979607968273672,5.320151971619158
0.2505604506058354,0.19979607968273672,5.4425296406731185
0.473522257706557,0.19979607968273672,5.606926044511438
0.6964840648072785,0.19979607968273672,5.795161491438966
0.9194458719079996,0.19979607968273672,5.993256394598015
1.1424076790087212,0.19979607968273672,6.195315847826652
1.3653694861094428,0.19979607968273672,6.399181833590438
1.5883312932101643,0.19979607968273672,6.603047819354222
1.8112931003108859,0.19979607968273672,6.806913805118006
2.0342549074116074,0.19979607968273672,7.010779790881791
2.257216714512329,0.19979607968273672,7.214645776645575
2.48017852161305,0.19979607968273672,7.418511762409359
2.703140328713772,0.19979607968273672,7.622377748173145
2.926102135814493,0.19979607968273672,7.826243733936927
3.149063942915215,0.19979607968273672,8.030109719700715
3.3720257500159363,0.19979607968273672,8.233975705464498
3.5949875571166574,0.19979607968273672,8.437841691228284
3.8179493642173794,0.19979607968273672,8.641707676992066
4.0409111713181005,0.19979607968273672,8.84557366275585
4.2638729784188225,0.19979607968273672,9.049439648519636
4.486834785519544,0.19979607968273672,9.253305634283421
4.709796592620266,0.19979607968273672,9.457171620047205
4.932758399720987,0.19979607968273672,9.66103760581099
5.155720206821709,0.19979607968273672,9.864903591574775
5.37868201392243,0.19979607968273672,10.06876957733856
5.601643821023151,0.19979607968273672,10.272635563102343
5.824605628123873,0.19979607968273672,10.476501548866128
6.047567435224594,0.19979607968273672,10.680367534629916
6.270529242325316,0.19979607968273672,10.8842335203937
6.493491049426038,0.19979607968273672,11.088099506157482
6.716452856526758,0.19979607968273672,11.291965491921268
6.939414663627481,0.19979607968273672,11.49583147768505
-1.7560958133006581,0.2654469646815578,5.467656579279113
-1.5331340061999366,0.2654469646815578,5.475513337647913
-1.310172199099215,0.2654469646815578,5.48379851267159
-1.0872103919984937,0.2654469646815578,5.494816002415012
-0.8642485848977721,0.2654469646815578,5.505833492158437
-0.6412867777970506,0.2654469646815578,5.521962513157431
-0.41832497069632923,0.2654469646815578,5.552412151736706
-0.19536316359560768,0.2654469646815578,5.621278066275957
0.027598643505113873,0.2654469646815578,5.738970327804179
0.2505604506058354,0.2654469646815578,5.898936324433146
0.473522257706557,0.2654469646815578,6.084457667652185
0.6964840648072785,0.2654469646815578,6.279968490390852
0.9194458719079996,0.2654469646815578,6.4806730811521955
1.1424076790087212,0.2654469646815578,6.68453906691598
1.3653694861094428,0.2654469646815578,6.888405052679766
1.5883312932101643,0.2654469646815578,7.092271038443551
1.8112931003108859,0.2654469646815578,7.296137024207335
2.0342549074116074,0.2654469646815578,7.5000030099711195
2.257216714512329,0.2654469646815578,7.703868995734905
2.48017852161305,0.2654469646815578,7.907734981498687
2.703140328713772,0.2654469646815578,8.111600967262474
2.926102135814493,0.2654469646815578,8.315466953026258
3.149063942915215,0.2654469646815578,8.519332938790043
3.3720257500159363,0.2654469646815578,8.723198924553827
3.5949875571166574,0.2654469646815578,8.92706491031761
3.8179493642173794,0.2654469646815578,9.130930896081397
4.0409111713181005,0.2654469646815578,9.334796881845183
4.2638729784188225,0.2654469646815578,9.538662867608965
4.486834785519544,0.2654469646815578,9.742528853372749
4.709796592620266,0.2654469646815578,9.946394839136532
4.932758399720987,0.2654469646815578,10.150260824900318
5.155720206821709,0.2654469646815578,10.354126810664102
5.37868201392243,0.2654469646815578,10.55799279642789
5.601643821023151,0.2654469646815578,10.761858782191668
5.824605628123873,0.2654469646815578,10.965724767955454
6.047567435224594,0.2654469646815578,11.169590753719241
6.270529242325316,0.2654469646815578,11.373456739483029
6.493491049426038,0.2654469646815578,11.577322725246812
6.716452856526758,0.2654469646815578,11.781188711010595
6.939414663627481,0.2654469646815578,11.98505469677438
-1.7560958133006581,0.3310978496803789,5.772910564183644
-1.5331340061999366,0.3310978496803789,5.782268337494894
-1.310172199099215,0.3310978496803789,5.793285827238317
-1.0872103919984937,0.3310978496803789,5.804303316981741
-0.8642485848977721,0.3310978496803789,5.821503668069847
-0.6412867777970506,0.3310978496803789,5.8534878490704525
-0.41832497069632923,0.3310978496803789,5.922478079254392
-0.19536316359560768,0.3310978496803789,6.035999682265263
0.027598643505113873,0.3310978496803789,6.19107336063325
0.2505604506058354,0.3310978496803789,6.373753843865403
0.473522257706557,0.3310978496803789,6.566786131102568
0.6964840648072785,0.3310978496803789,6.766733415254567
0.9194458719079996,0.3310978496803789,6.969896300241527
1.1424076790087212,0.3310978496803789,7.173762286005311
1.3653694861094428,0.3310978496803789,7.377628271769094
1.5883312932101643,0.3310978496803789,7.581494257532879
1.8112931003108859,0.3310978496803789,7.785360243296666
2.0342549074116074,0.3310978496803789,7.989226229060448
2.257216714512329,0.3310978496803789,8.193092214824233
2.48017852161305,0.3310978496803789,8.396958200588015
2.703140328713772,0.3310978496803789,8.600824186351803
2.926102135814493,0.3310978496803789,8.804690172115587
3.149063942915215,0.3310978496803789,9.008556157879372
3.3720257500159363,0.3310978496803789,9.212422143643156
3.5949875571166574,0.3310978496803789,9.416288129406938
3.8179493642173794,0.3310978496803789,9.620154115170726
4.0409111713181005,0.3310978496803789,9.824020100934508
4.2638729784188225,0.3310978496803789,10.027886086698294
4.486834785519544,0.3310978496803789,10.231752072462076
4.709796592620266,0.3310978496803789,10.435618058225863
4.932758399720987,0.3310978496803789,10.639484043989649
5.155720206821709,0.3310978496803789,10.84335002975343
5.37868201392243,0.3310978496803789,11.047216015517215
5.601643821023151,0.3310978496803789,11.251082001281002
5.824605628123873,0.3310978496803789,11.454947987044786
6.047567435224594,0.3310978496803789,11.658813972808575
6.270529242325316,0.3310978496803789,11.862679958572352
6.493491049426038,0.3310978496803789,12.066545944336138
6.716452856526758,0.3310978496803789,12.270411930099923
6.939414663627481,0.3310978496803789,12.47427791586371
-1.7560958133006581,0.39674873467920024,6.080738162318201
-1.5331340061999366,0.39674873467920024,6.091755652061623
-1.310172199099215,0.39674873467920024,6.102959249761133
-1.0872103919984937,0.39674873467920024,6.121044822982266
-0.8642485848977721,0.39674873467920024,6.1545635464042014
-0.6412867777970506,0.39674873467920024,6.223765510936334
-0.41832497069632923,0.39674873467920024,6.333492085835286
-0.19536316359560768,0.39674873467920024,6.4850289115485085
0.027598643505113873,0.39674873467920024,6.663273455003656
0.2505604506058354,0.39674873467920024,6.854809442650608
0.473522257706557,0.39674873467920024,7.0534455110474035
0.6964840648072785,0.39674873467920024,7.255253533567072
0.9194458719079996,0.39674873467920024,7.459119519330856
1.1424076790087212,0.39674873467920024,7.662985505094639
1.3653694861094428,0.39674873467920024,7.866851490858425
1.5883312932101643,0.39674873467920024,8.07071747662221
1.8112931003108859,0.39674873467920024,8.274583462385994
2.0342549074116074,0.39674873467920024,8.47844944814978
2.257216714512329,0.39674873467920024,8.682315433913562
2.48017852161305,0.39674873467920024,8.886181419677346
2.703140328713772,0.39674873467920024,9.090047405441133
2.926102135814493,0.39674873467920024,9.293913391204917
3.149063942915215,0.39674873467920024,9.497779376968701
3.3720257500159363,0.39674873467920024,9.701645362732483
3.5949875571166574,0.39674873467920024,9.905511348496269
3.8179493642173794,0.39674873467920024,10.109377334260053
4.0409111713181005,0.39674873467920024,10.313243320023838
4.2638729784188225,0.39674873467920024,10.517109305787624
4.486834785519544,0.39674873467920024,10.720975291551408
4.709796592620266,0.39674873467920024,10.924841277315192
4.932758399720987,0.39674873467920024,11.128707263078974
5.155720206821709,0.39674873467920024,11.332573248842763
5.37868201392243,0.39674873467920024,11.536439234606545
5.601643821023151,0.39674873467920024,11.740305220370331
5.824605628123873,0.39674873467920024,11.944171206134117
6.047567435224594,0.39674873467920024,12.148037191897899
6.270529242325316,0.39674873467920024,12.351903177661686
6.493491049426038,0.39674873467920024,12.555769163425468
6.716452856526758,0.39674873467920024,12.759635149189258
6.939414663627481,0.39674873467920024,12.963501134953042
-1.7560958133006581,0.46239961967802135,6.390225476884929
-1.5331340061999366,0.46239961967802135,6.401985770056349
-1.310172199099215,0.46239961967802135,6.420585977894682
-1.0872103919984937,0.46239961967802135,6.4556392437379495
-0.8642485848977721,0.46239961967802135,6.525052942618276
-0.6412867777970506,0.46239961967802135,6.631668434370997
-0.41832497069632923,0.46239961967802135,6.780321114738609
-0.19536316359560768,0.46239961967802135,6.953738165831371
0.027598643505113873,0.46239961967802135,7.143555464799051
0.2505604506058354,0.46239961967802135,7.340157606840239
0.473522257706557,0.46239961967802135,7.540610766892618
0.6964840648072785,0.46239961967802135,7.744476752656401
0.9194458719079996,0.46239961967802135,7.948342738420186
1.1424076790087212,0.46239961967802135,8.15220872418397
1.3653694861094428,0.46239961967802135,8.356074709947755
1.5883312932101643,0.46239961967802135,8.55994069571154
1.8112931003108859,0.46239961967802135,8.763806681475323
2.0342549074116074,0.46239961967802135,8.967672667239107
2.257216714512329,0.46239961967802135,9.171538653002893
2.48017852161305,0.46239961967802135,9.375404638766677
2.703140328713772,0.46239961967802135,9.57927062453046
2.926102135814493,0.46239961967802135,9.783136610294246
3.149063942915215,0.46239961967802135,9.98700259605803
3.3720257500159363,0.46239961967802135,10.190868581821816
3.5949875571166574,0.46239961967802135,10.394734567585601
3.8179493642173794,0.46239961967802135,10.598600553349382
4.0409111713181005,0.46239961967802135,10.802466539113164
4.2638729784188225,0.46239961967802135,11.00633252487695
4.486834785519544,0.46239961967802135,11.210198510640737
4.709796592620266,0.46239961967802135,11.414064496404524
4.932758399720987,0.46239961967802135,11.617930482168308
5.155720206821709,0.46239961967802135,11.821796467932092
5.37868201392243,0.46239961967802135,12.025662453695878
5.601643821023151,0.46239961967802135,12.229528439459662
5.824605628123873,0.46239961967802135,12.433394425223444
6.047567435224594,0.46239961967802135,12.637260410987231
6.270529242325316,0.46239961967802135,12.841126396751015
6.493491049426038,0.46239961967802135,13.0449923825148
6.716452856526758,0.46239961967802135,13.248858368278583
6.939414663627481,0.46239961967802135,13.45272435404237
-1.7560958133006581,0.5280505046768427,6.701476175219701
-1.5331340061999366,0.5280505046768427,6.720127132807099
-1.310172199099215,0.5280505046768427,6.7567149410717
-1.0872103919984937,0.5280505046768427,6.826340374300217
-0.8642485848977721,0.5280505046768427,6.930288045966631
-0.6412867777970506,0.5280505046768427,7.075613317928706
-0.41832497069632923,0.5280505046768427,7.245537514231124
-0.19536316359560768,0.5280505046768427,7.432851641012272
0.027598643505113873,0.5280505046768427,7.626869702633075
0.2505604506058354,0.5280505046768427,7.82692253170396
0.473522257706557,0.5280505046768427,8.029833985981949
0.6964840648072785,0.5280505046768427,8.233699971745734
0.9194458719079996,0.5280505046768427,8.437565957509515
1.1424076790087212,0.5280505046768427,8.641431943273302
1.3653694861094428,0.5280505046768427,8.845297929037086
1.5883312932101643,0.5280505046768427,9.04916391480087
1.8112931003108859,0.5280505046768427,9.253029900564654
2.0342549074116074,0.5280505046768427,9.456895886328436
2.257216714512329,0.5280505046768427,9.660761872092223
2.48017852161305,0.5280505046768427,9.864627857856007
2.703140328713772,0.5280505046768427,10.068493843619791
2.926102135814493,0.5280505046768427,10.272359829383577
3.149063942915215,0.5280505046768427,10.47622581514736
3.3720257500159363,0.5280505046768427,10.680091800911148
3.5949875571166574,0.5280505046768427,10.883957786674932
3.8179493642173794,0.5280505046768427,11.087823772438718
4.0409111713181005,0.5280505046768427,11.291689758202502
4.2638729784188225,0.5280505046768427,11.495555743966285
4.486834785519544,0.5280505046768427,11.699421729730073
4.709796592620266,0.5280505046768427,11.903287715493855
4.932758399720987,0.5280505046768427,12.107153701257635
5.155720206821709,0.5280505046768427,12.311019687021421
5.37868201392243,0.5280505046768427,12.514885672785208
5.601643821023151,0.5280505046768427,12.71875165854899
5.824605628123873,0.5280505046768427,12.922617644312776
6.047567435224594,0.5280505046768427,13.126483630076562
6.270529242325316,0.5280505046768427,13.330349615840346
6.493491049426038,0.5280505046768427,13.534215601604133
6.716452856526758,0.5280505046768427,13.738081587367915
6.939414663627481,0.5280505046768427,13.941947573131701
-1.7560958133006581,0.5937013896756638,7.019668287719515
-1.5331340061999366,0.5937013896756638,7.057867407622341
-1.310172199099215,0.5937013896756638,7.127627805982156
-1.0872103919984937,0.5937013896756638,7.228945608282435
-0.8642485848977721,0.5937013896756638,7.371379304791983
-0.6412867777970506,0.5937013896756638,7.537547794152832
-0.41832497069632923,0.5937013896756638,7.722147817225491
-0.19536316359560768,0.5937013896756638,7.914601829878526
0.027598643505113873,0.5937013896756638,8.113634627496792
0.2505604506058354,0.5937013896756638,8.315191219307493
0.473522257706557,0.5937013896756638,8.519057205071277
0.6964840648072785,0.5937013896756638,8.722923190835061
0.9194458719079996,0.5937013896756638,8.926789176598843
1.1424076790087212,0.5937013896756638,9.130655162362629
1.3653694861094428,0.5937013896756638,9.334521148126415
1.5883312932101643,0.5937013896756638,9.538387133890199
1.8112931003108859,0.5937013896756638,9.74225311965398
2.0342549074116074,0.5937013896756638,9.946119105417768
2.257216714512329,0.5937013896756638,10.149985091181552
2.48017852161305,0.5937013896756638,10.353851076945336
2.703140328713772,0.5937013896756638,10.557717062709122
2.926102135814493,0.5937013896756638,10.761583048472906
3.149063942915215,0.5937013896756638,10.965449034236691
3.3720257500159363,0.5937013896756638,11.169315020000477
3.5949875571166574,0.5937013896756638,11.373181005764257
3.8179493642173794,0.5937013896756638,11.577046991528043
4.0409111713181005,0.5937013896756638,11.780912977291825
4.2638729784188225,0.5937013896756638,11.984778963055613
4.486834785519544,0.5937013896756638,12.188644948819402
4.709796592620266,0.5937013896756638,12.39251093458318
4.932758399720987,0.5937013896756638,12.596376920346968
5.155720206821709,0.5937013896756638,12.800242906110755
5.37868201392243,0.5937013896756638,13.004108891874539
5.601643821023151,0.5937013896756638,13.207974877638323
5.824605628123873,0.5937013896756638,13.411840863402102
6.047567435224594,0.5937013896756638,13.615706849165887
6.270529242325316,0.5937013896756638,13.819572834929675
6.493491049426038,0.5937013896756638,14.023438820693459
6.716452856526758,0.5937013896756638,14.227304806457244
6.939414663627481,0.5937013896756638,14.431170792221028
-1.7560958133006581,0.6593522746744851,7.3590321052011936
-1.5331340061999366,0.6593522746744851,7.428915237664101
-1.310172199099215,0.6593522746744851,7.527641214287192
-1.0872103919984937,0.6593522746744851,7.667154432961906
-0.8642485848977721,0.6593522746744851,7.8295580740745425
-0.6412867777970506,0.6593522746744851,8.011454241859923
-0.41832497069632923,0.6593522746744851,8.202653261945919
-0.19536316359560768,0.6593522746744851,8.400346723289628
0.027598643505113873,0.6593522746744851,8.600548452633037
0.2505604506058354,0.6593522746744851,8.804414438396822
0.473522257706557,0.6593522746744851,9.008280424160608
0.6964840648072785,0.6593522746744851,9.21214640992439
0.9194458719079996,0.6593522746744851,9.416012395688176
1.1424076790087212,0.6593522746744851,9.619878381451962
1.3653694861094428,0.6593522746744851,9.823744367215745
1.5883312932101643,0.6593522746744851,10.02761035297953
1.8112931003108859,0.6593522746744851,10.231476338743313
2.0342549074116074,0.6593522746744851,10.435342324507097
2.257216714512329,0.6593522746744851,10.639208310270881
2.48017852161305,0.6593522746744851,10.843074296034667
2.703140328713772,0.6593522746744851,11.046940281798452
2.926102135814493,0.6593522746744851,11.250806267562234
3.149063942915215,0.6593522746744851,11.454672253326018
3.3720257500159363,0.6593522746744851,11.658538239089802
3.5949875571166574,0.6593522746744851,11.86240422485359
3.8179493642173794,0.6593522746744851,12.066270210617372
4.0409111713181005,0.6593522746744851,12.270136196381161
4.2638729784188225,0.6593522746744851,12.474002182144943
4.486834785519544,0.6593522746744851,12.677868167908725
4.709796592620266,0.6593522746744851,12.881734153672515
4.932758399720987,0.6593522746744851,13.085600139436295
5.155720206821709,0.6593522746744851,13.289466125200084
5.37868201392243,0.6593522746744851,13.49333211096387
5.601643821023151,0.6593522746744851,13.697198096727652
5.824605628123873,0.6593522746744851,13.901064082491438
6.047567435224594,0.6593522746744851,14.104930068255223
6.270529242325316,0.6593522746744851,14.308796054019007
6.493491049426038,0.6593522746744851,14.512662039782793
6.716452856526758,0.6593522746744851,14.716528025546577
6.939414663627481,0.6593522746744851,14.920394011310359
-1.7560958133006581,0.7250031596733062,7.730202669346039
-1.5331340061999366,0.7250031596733062,7.826822372666211
-1.310172199099215,0.7250031596733062,7.9634027754108345
-1.0872103919984937,0.7250031596733062,8.121568353996247
-0.8642485848977721,0.7250031596733062,8.301871992995554
-0.6412867777970506,0.7250031596733062,8.491949438159137
-0.41832497069632923,0.7250031596733062,8.687058819082461
-0.19536316359560768,0.7250031596733062,8.887111648153345
0.027598643505113873,0.7250031596733062,9.089771671722367
0.2505604506058354,0.7250031596733062,9.293637657486151
0.473522257706557,0.7250031596733062,9.497503643249935
0.6964840648072785,0.7250031596733062,9.70136962901372
0.9194458719079996,0.7250031596733062,9.905235614777503
1.1424076790087212,0.7250031596733062,10.109101600541289
1.3653694861094428,0.7250031596733062,10.31296758630507
1.5883312932101643,0.7250031596733062,10.516833572068858
1.8112931003108859,0.7250031596733062,10.72069955783264
2.0342549074116074,0.7250031596733062,10.924565543596428
2.257216714512329,0.7250031596733062,11.128431529360212
2.48017852161305,0.7250031596733062,11.332297515123996
2.703140328713772,0.7250031596733062,11.536163500887781
2.926102135814493,0.7250031596733062,11.740029486651567
3.149063942915215,0.7250031596733062,11.943895472415353
3.3720257500159363,0.7250031596733062,12.147761458179135
3.5949875571166574,0.7250031596733062,12.35162744394292
3.8179493642173794,0.7250031596733062,12.555493429706702
4.0409111713181005,0.7250031596733062,12.75935941547049
4.2638729784188225,0.7250031596733062,12.963225401234272
4.486834785519544,0.7250031596733062,13.167091386998056
4.709796592620266,0.7250031596733062,13.370957372761843
4.932758399720987,0.7250031596733062,13.574823358525627
5.155720206821709,0.7250031596733062,13.778689344289415
5.37868201392243,0.7250031596733062,13.982555330053195
5.601643821023151,0.7250031596733062,14.186421315816979
5.824605628123873,0.7250031596733062,14.390287301580763
6.047567435224594,0.7250031596733062,14.59415328734455
6.270529242325316,0.7250031596733062,14.798019273108336
6.493491049426038,0.7250031596733062,15.001885258872118
6.716452856526758,0.7250031596733062,15.205751244635904
6.939414663627481,0.7250031596733062,15.40961723039969
-1.7560958133006581,0.7906540446721275,8.126003531045233
-1.5331340061999366,0.7906540446721275,8.259688741921137
-1.310172199099215,0.7906540446721275,8.415190268843773
-1.0872103919984937,0.7906540446721275,8.592455985799628
-0.8642485848977721,0.7906540446721275,8.781245614372356
-0.6412867777970506,0.7906540446721275,8.974394217106445
-0.41832497069632923,0.7906540446721275,9.173823743946182
-0.19536316359560768,0.7906540446721275,9.37512890504791
0.027598643505113873,0.7906540446721275,9.578994890811696
0.2505604506058354,0.7906540446721275,9.782860876575482
0.473522257706557,0.7906540446721275,9.986726862339264
0.6964840648072785,0.7906540446721275,10.19059284810305
0.9194458719079996,0.7906540446721275,10.394458833866832
1.1424076790087212,0.7906540446721275,10.598324819630617
1.3653694861094428,0.7906540446721275,10.802190805394405
1.5883312932101643,0.7906540446721275,11.006056791158187
1.8112931003108859,0.7906540446721275,11.209922776921971
2.0342549074116074,0.7906540446721275,11.413788762685753
2.257216714512329,0.7906540446721275,11.617654748449539
2.48017852161305,0.7906540446721275,11.821520734213324
2.703140328713772,0.7906540446721275,12.02538671997711
2.926102135814493,0.7906540446721275,12.229252705740896
3.149063942915215,0.7906540446721275,12.433118691504681
3.3720257500159363,0.7906540446721275,12.636984677268464
3.5949875571166574,0.7906540446721275,12.84085066303225
3.8179493642173794,0.7906540446721275,13.044716648796037
4.0409111713181005,0.7906540446721275,13.248582634559819
4.2638729784188225,0.7906540446721275,13.452448620323603
4.486834785519544,0.7906540446721275,13.656314606087387
4.709796592620266,0.7906540446721275,13.860180591851172
4.932758399720987,0.7906540446721275,14.064046577614956
5.155720206821709,0.7906540446721275,14.267912563378744
5.37868201392243,0.7906540446721275,14.471778549142527
5.601643821023151,0.7906540446721275,14.67564453490631
5.824605628123873,0.7906540446721275,14.879510520670093
6.047567435224594,0.7906540446721275,15.083376506433881
6.270529242325316,0.7906540446721275,15.287242492197661
6.493491049426038,0.7906540446721275,15.491108477961447
6.716452856526758,0.7906540446721275,15.694974463725234
6.939414663627481,0.7906540446721275,15.898840449489017
-1.7560958133006581,0.8563049296709486,8.55646077405276
-1.5331340061999366,0.8563049296709486,8.710482472033869
-1.310172199099215,0.8563049296709486,8.884148983950812
-1.0872103919984937,0.8563049296709486,9.070541790585576
-0.8642485848977721,0.8563049296709486,9.262417528654487
-0.6412867777970506,0.8563049296709486,9.460535839739016
-0.41832497069632923,0.8563049296709486,9.660588668809897
-0.19536316359560768,0.8563049296709486,9.86435212413724
0.027598643505113873,0.8563049296709486,10.068218109901025
0.2505604506058354,0.8563049296709486,10.27208409566481
0.473522257706557,0.8563049296709486,10.475950081428593
0.6964840648072785,0.8563049296709486,10.67981606719238
0.9194458719079996,0.8563049296709486,10.883682052956162
1.1424076790087212,0.8563049296709486,11.087548038719946
1.3653694861094428,0.8563049296709486,11.291414024483734
1.5883312932101643,0.8563049296709486,11.495280010247518
1.8112931003108859,0.8563049296709486,11.699145996011303
2.0342549074116074,0.8563049296709486,11.903011981775085
2.257216714512329,0.8563049296709486,12.106877967538871
2.48017852161305,0.8563049296709486,12.310743953302653
2.703140328713772,0.8563049296709486,12.514609939066439
2.926102135814493,0.8563049296709486,12.718475924830223
3.149063942915215,0.8563049296709486,12.922341910594005
3.3720257500159363,0.8563049296709486,13.12620789635779
3.5949875571166574,0.8563049296709486,13.330073882121578
3.8179493642173794,0.8563049296709486,13.53393986788536
4.0409111713181005,0.8563049296709486,13.737805853649148
4.2638729784188225,0.8563049296709486,13.94167183941293
4.486834785519544,0.8563049296709486,14.145537825176715
4.709796592620266,0.8563049296709486,14.349403810940503
4.932758399720987,0.8563049296709486,14.553269796704285
5.155720206821709,0.8563049296709486,14.757135782468072
5.37868201392243,0.8563049296709486,14.961001768231856
5.601643821023151,0.8563049296709486,15.164867753995637
5.824605628123873,0.8563049296709486,15.368733739759422
6.047567435224594,0.8563049296709486,15.57259972552321
6.270529242325316,0.8563049296709486,15.776465711286995
6.493491049426038,0.8563049296709486,15.980331697050781
6.716452856526758,0.8563049296709486,16.184197682814563
6.939414663627481,0.8563049296709486,16.388063668578347
-1.7560958133006581,0.9219558146697697,9.005774675223968
-1.5331340061999366,0.9219558146697697,9.176159263872517
-1.310172199099215,0.9219558146697697,9.359837966798795
-1.0872103919984937,0.9219558146697697,9.551047235306001
-0.8642485848977721,0.9219558146697697,9.74724793553185
-0.6412867777970506,0.9219558146697697,9.947300764602732
-0.41832497069632923,0.9219558146697697,10.149709357462786
-0.19536316359560768,0.9219558146697697,10.353575343226572
0.027598643505113873,0.9219558146697697,10.557441328990354
0.2505604506058354,0.9219558146697697,10.761307314754138
0.473522257706557,0.9219558146697697,10.965173300517925
0.6964840648072785,0.9219558146697697,11.169039286281707
0.9194458719079996,0.9219558146697697,11.372905272045493
1.1424076790087212,0.9219558146697697,11.576771257809275
1.3653694861094428,0.9219558146697697,11.780637243573063
1.5883312932101643,0.9219558146697697,11.984503229336847
1.8112931003108859,0.9219558146697697,12.188369215100629
2.0342549074116074,0.9219558146697697,12.392235200864416
2.257216714512329,0.9219558146697697,12.596101186628198
2.48017852161305,0.9219558146697697,12.799967172391984
2.703140328713772,0.9219558146697697,13.00383315815577
2.926102135814493,0.9219558146697697,13.207699143919553
3.149063942915215,0.9219558146697697,13.411565129683341
3.3720257500159363,0.9219558146697697,13.615431115447125
3.5949875571166574,0.9219558146697697,13.819297101210905
3.8179493642173794,0.9219558146697697,14.023163086974694
4.0409111713181005,0.9219558146697697,14.227029072738471
4.2638729784188225,0.9219558146697697,14.43089505850226
4.486834785519544,0.9219558146697697,14.634761044266044
4.709796592620266,0.9219558146697697,14.838627030029832
4.932758399720987,0.9219558146697697,15.042493015793616
5.155720206821709,0.9219558146697697,15.246359001557403
5.37868201392243,0.9219558146697697,15.450224987321185
5.601643821023151,0.9219558146697697,15.654090973084969
5.824605628123873,0.9219558146697697,15.857956958848753
6.047567435224594,0.9219558146697697,16.061822944612537
6.270529242325316,0.9219558146697697,16.265688930376324
6.493491049426038,0.9219558146697697,16.46955491614011
6.716452856526758,0.9219558146697697,16.673420901903892
6.939414663627481,0.9219558146697697,16.877286887667672
-1.7560958133006581,0.9876066996685908,9.468169543794227
-1.5331340061999366,0.9876066996685908,9.650052779851823
-1.310172199099215,0.9876066996685908,9.840343411519221
-1.0872103919984937,0.9876066996685908,10.034186604334364
-0.8642485848977721,0.9876066996685908,10.23401286039557
-0.6412867777970506,0.9876066996685908,10.435066590788333
-0.41832497069632923,0.9876066996685908,10.638932576552115
-0.19536316359560768,0.9876066996685908,10.842798562315902
0.027598643505113873,0.9876066996685908,11.046664548079685
0.2505604506058354,0.9876066996685908,11.250530533843474
0.473522257706557,0.9876066996685908,11.454396519607258
0.6964840648072785,0.9876066996685908,11.65826250537104
0.9194458719079996,0.9876066996685908,11.86212849113482
1.1424076790087212,0.9876066996685908,12.065994476898606
1.3653694861094428,0.9876066996685908,12.269860462662393
1.5883312932101643,0.9876066996685908,12.473726448426175
1.8112931003108859,0.9876066996685908,12.677592434189963
2.0342549074116074,0.9876066996685908,12.881458419953747
2.257216714512329,0.9876066996685908,13.085324405717529
2.48017852161305,0.9876066996685908,13.289190391481316
2.703140328713772,0.9876066996685908,13.493056377245098
2.926102135814493,0.9876066996685908,13.696922363008882
3.149063942915215,0.9876066996685908,13.90078834877267
3.3720257500159363,0.9876066996685908,14.104654334536454
3.5949875571166574,0.9876066996685908,14.308520320300236
3.8179493642173794,0.9876066996685908,14.51238630606402
4.0409111713181005,0.9876066996685908,14.716252291827807
4.2638729784188225,0.9876066996685908,14.920118277591596
4.486834785519544,0.9876066996685908,15.123984263355378
4.709796592620266,0.9876066996685908,15.327850249119168
4.932758399720987,0.9876066996685908,15.531716234882945
5.155720206821709,0.9876066996685908,15.735582220646728
5.37868201392243,0.9876066996685908,15.939448206410516
5.601643821023151,0.9876066996685908,16.143314192174298
5.824605628123873,0.9876066996685908,16.347180177938082
6.047567435224594,0.9876066996685908,16.551046163701873
6.270529242325316,0.9876066996685908,16.754912149465657
6.493491049426038,0.9876066996685908,16.958778135229437
6.716452856526758,0.9876066996685908,17.16264412099322
6.939414663627481,0.9876066996685908,17.36651010675701
-1.7560958133006581,1.0532575846674124,9.940470530987453
-1.5331340061999366,1.0532575846674124,10.129639587732441
-1.310172199099215,1.0532575846674124,10.322209915882402
-1.0872103919984937,1.0532575846674124,10.520724956188403
-0.8642485848977721,1.0532575846674124,10.720777785259285
-0.6412867777970506,1.0532575846674124,10.92428980987766
-0.41832497069632923,1.0532575846674124,11.128155795641442
-0.19536316359560768,1.0532575846674124,11.332021781405231
0.027598643505113873,1.0532575846674124,11.535887767169013
0.2505604506058354,1.0532575846674124,11.739753752932799
0.473522257706557,1.0532575846674124,11.943619738696585
0.6964840648072785,1.0532575846674124,12.147485724460367
0.9194458719079996,1.0532575846674124,12.35135171022415
1.1424076790087212,1.0532575846674124,12.55521769598794
1.3653694861094428,1.0532575846674124,12.759083681751722
1.5883312932101643,1.0532575846674124,12.962949667515504
1.8112931003108859,1.0532575846674124,13.166815653279286
2.0342549074116074,1.0532575846674124,13.37068163904307
2.257216714512329,1.0532575846674124,13.574547624806856
2.48017852161305,1.0532575846674124,13.778413610570642
2.703140328713772,1.0532575846674124,13.982279596334429
2.926102135814493,1.0532575846674124,14.186145582098215
3.149063942915215,1.0532575846674124,14.390011567861995
3.3720257500159363,1.0532575846674124,14.593877553625783
3.5949875571166574,1.0532575846674124,14.797743539389563
3.8179493642173794,1.0532575846674124,15.00160952515335
4.0409111713181005,1.0532575846674124,15.205475510917136
4.2638729784188225,1.0532575846674124,15.40934149668092
4.486834785519544,1.0532575846674124,15.613207482444704
4.709796592620266,1.0532575846674124,15.81707346820849
4.932758399720987,1.0532575846674124,16.020939453972275
5.155720206821709,1.0532575846674124,16.224805439736063
5.37868201392243,1.0532575846674124,16.428671425499843
5.601643821023151,1.0532575846674124,16.63253741126363
5.824605628123873,1.0532575846674124,16.83640339702741
6.047567435224594,1.0532575846674124,17.040269382791195
6.270529242325316,1.0532575846674124,17.244135368554982
6.493491049426038,1.0532575846674124,17.448001354318766
6.716452856526758,1.0532575846674124,17.65186734008255
6.939414663627481,1.0532575846674124,17.855733325846337
-1.7560958133006581,1.1189084696662335,10.41893576394566
-1.5331340061999366,1.1189084696662335,10.610233227430442
-1.310172199099215,1.1189084696662335,10.807437051981239
-1.0872103919984937,1.1189084696662335,11.007489881052118
-0.8642485848977721,1.1189084696662335,11.209647043203207
-0.6412867777970506,1.1189084696662335,11.41351302896699
-0.41832497069632923,1.1189084696662335,11.617379014730775
-0.19536316359560768,1.1189084696662335,11.82124500049456
0.027598643505113873,1.1189084696662335,12.025110986258346
0.2505604506058354,1.1189084696662335,12.228976972022128
0.473522257706557,1.1189084696662335,12.43284295778591
0.6964840648072785,1.1189084696662335,12.636708943549698
0.9194458719079996,1.1189084696662335,12.840574929313481
1.1424076790087212,1.1189084696662335,13.044440915077269
1.3653694861094428,1.1189084696662335,13.248306900841051
1.5883312932101643,1.1189084696662335,13.452172886604833
1.8112931003108859,1.1189084696662335,13.656038872368622
2.0342549074116074,1.1189084696662335,13.859904858132406
2.257216714512329,1.1189084696662335,14.063770843896188
2.48017852161305,1.1189084696662335,14.267636829659976
2.703140328713772,1.1189084696662335,14.471502815423754
2.926102135814493,1.1189084696662335,14.675368801187542
3.149063942915215,1.1189084696662335,14.879234786951326
3.3720257500159363,1.1189084696662335,15.083100772715108
3.5949875571166574,1.1189084696662335,15.286966758478897
3.8179493642173794,1.1189084696662335,15.490832744242683
4.0409111713181005,1.1189084696662335,15.694698730006465
4.2638729784188225,1.1189084696662335,15.89856471577025
4.486834785519544,1.1189084696662335,16.102430701534033
4.709796592620266,1.1189084696662335,16.30629668729782
4.932758399720987,1.1189084696662335,16.510162673061604
5.155720206821709,1.1189084696662335,16.714028658825388
5.37868201392243,1.1189084696662335,16.917894644589172
5.601643821023151,1.1189084696662335,17.12176063035296
5.824605628123873,1.1189084696662335,17.32562661611674
6.047567435224594,1.1189084696662335,17.52949260188053
6.270529242325316,1.1189084696662335,17.733358587644314
6.493491049426038,1.1189084696662335,17.937224573408102
6.716452856526758,1.1189084696662335,18.141090559171882
6.939414663627481,1.1189084696662335,18.344956544935666
-1.7560958133006581,1.1845593546650546,10.89944120866609
-1.5331340061999366,1.1845593546650546,11.094149147774074
-1.310172199099215,1.1845593546650546,11.294201976844956
-1.0872103919984937,1.1845593546650546,11.495004276528755
-0.8642485848977721,1.1845593546650546,11.698870262292537
-0.6412867777970506,1.1845593546650546,11.902736248056321
-0.41832497069632923,1.1845593546650546,12.106602233820105
-0.19536316359560768,1.1845593546650546,12.31046821958389
0.027598643505113873,1.1845593546650546,12.514334205347676
0.2505604506058354,1.1845593546650546,12.718200191111457
0.473522257706557,1.1845593546650546,12.92206617687524
0.6964840648072785,1.1845593546650546,13.12593216263903
0.9194458719079996,1.1845593546650546,13.329798148402812
1.1424076790087212,1.1845593546650546,13.533664134166598
1.3653694861094428,1.1845593546650546,13.73753011993038
1.5883312932101643,1.1845593546650546,13.941396105694164
1.8112931003108859,1.1845593546650546,14.145262091457951
2.0342549074116074,1.1845593546650546,14.349128077221735
2.257216714512329,1.1845593546650546,14.552994062985523
2.48017852161305,1.1845593546650546,14.756860048749305
2.703140328713772,1.1845593546650546,14.960726034513089
2.926102135814493,1.1845593546650546,15.164592020276876
3.149063942915215,1.1845593546650546,15.36845800604066
3.3720257500159363,1.1845593546650546,15.572323991804442
3.5949875571166574,1.1845593546650546,15.776189977568226
3.8179493642173794,1.1845593546650546,15.980055963332012
4.0409111713181005,1.1845593546650546,16.183921949095794
4.2638729784188225,1.1845593546650546,16.38778793485958
4.486834785519544,1.1845593546650546,16.591653920623365
4.709796592620266,1.1845593546650546,16.795519906387153
4.932758399720987,1.1845593546650546,16.999385892150933
5.155720206821709,1.1845593546650546,17.203251877914724
5.37868201392243,1.1845593546650546,17.407117863678508
5.601643821023151,1.1845593546650546,17.610983849442288
5.824605628123873,1.1845593546650546,17.814849835206072
6.047567435224594,1.1845593546650546,18.01871582096986
6.270529242325316,1.1845593546650546,18.222581806733643
6.493491049426038,1.1845593546650546,18.426447792497427
6.716452856526758,1.1845593546650546,18.63031377826121
6.939414663627481,1.1845593546650546,18.834179764025
-1.7560958133006581,1.2502102396638757,11.382002303110319
-1.5331340061999366,1.2502102396638757,11.58091407263779
-1.310172199099215,1.2502102396638757,11.780966901708675
-1.0872103919984937,1.2502102396638757,11.984227495618079
-0.8642485848977721,1.2502102396638757,12.188093481381863
-0.6412867777970506,1.2502102396638757,12.391959467145648
-0.41832497069632923,1.2502102396638757,12.595825452909434
-0.19536316359560768,1.2502102396638757,12.79969143867322
0.027598643505113873,1.2502102396638757,13.003557424437002
0.2505604506058354,1.2502102396638757,13.207423410200787
0.473522257706557,1.2502102396638757,13.411289395964575
0.6964840648072785,1.2502102396638757,13.615155381728355
0.9194458719079996,1.2502102396638757,13.819021367492141
1.1424076790087212,1.2502102396638757,14.022887353255927
1.3653694861094428,1.2502102396638757,14.226753339019709
1.5883312932101643,1.2502102396638757,14.430619324783494
1.8112931003108859,1.2502102396638757,14.63448531054728
2.0342549074116074,1.2502102396638757,14.838351296311062
2.257216714512329,1.2502102396638757,15.042217282074844
2.48017852161305,1.2502102396638757,15.24608326783863
2.703140328713772,1.2502102396638757,15.449949253602416
2.926102135814493,1.2502102396638757,15.6538152393662
3.149063942915215,1.2502102396638757,15.857681225129987
3.3720257500159363,1.2502102396638757,16.061547210893767
3.5949875571166574,1.2502102396638757,16.26541319665755
3.8179493642173794,1.2502102396638757,16.469279182421342
4.0409111713181005,1.2502102396638757,16.673145168185126
4.2638729784188225,1.2502102396638757,16.87701115394891
4.486834785519544,1.2502102396638757,17.080877139712694
4.709796592620266,1.2502102396638757,17.284743125476478
4.932758399720987,1.2502102396638757,17.48860911124026
5.155720206821709,1.2502102396638757,17.69247509700405
5.37868201392243,1.2502102396638757,17.896341082767833
5.601643821023151,1.2502102396638757,18.100207068531617
5.824605628123873,1.2502102396638757,18.304073054295397
6.047567435224594,1.2502102396638757,18.507939040059185
6.270529242325316,1.2502102396638757,18.71180502582297
6.493491049426038,1.2502102396638757,18.915671011586753
6.716452856526758,1.2502102396638757,19.119536997350536
6.939414663627481,1.2502102396638757,19.323402983114324
-1.7560958133006581,1.315861124662697,11.867626168430629
-1.5331340061999366,1.315861124662697,12.067678997501512
-1.310172199099215,1.315861124662697,12.269584728943627
-1.0872103919984937,1.315861124662697,12.47345071470741
-0.8642485848977721,1.315861124662697,12.677316700471195
-0.6412867777970506,1.315861124662697,12.881182686234979
-0.41832497069632923,1.315861124662697,13.085048671998766
-0.19536316359560768,1.315861124662697,13.28891465776255
0.027598643505113873,1.315861124662697,13.492780643526334
0.2505604506058354,1.315861124662697,13.69664662929012
0.473522257706557,1.315861124662697,13.900512615053904
0.6964840648072785,1.315861124662697,14.104378600817688
0.9194458719079996,1.315861124662697,14.308244586581473
1.1424076790087212,1.315861124662697,14.512110572345257
1.3653694861094428,1.315861124662697,14.715976558109043
1.5883312932101643,1.315861124662697,14.919842543872823
1.8112931003108859,1.315861124662697,15.12370852963661
2.0342549074116074,1.315861124662697,15.327574515400393
2.257216714512329,1.315861124662697,15.531440501164182
2.48017852161305,1.315861124662697,15.735306486927966
2.703140328713772,1.315861124662697,15.93917247269175
2.926102135814493,1.315861124662697,16.143038458455532
3.149063942915215,1.315861124662697,16.346904444219316
3.3720257500159363,1.315861124662697,16.550770429983103
3.5949875571166574,1.315861124662697,16.754636415746887
3.8179493642173794,1.315861124662697,16.95850240151067
4.0409111713181005,1.315861124662697,17.16236838727446
4.2638729784188225,1.315861124662697,17.36623437303824
4.486834785519544,1.315861124662697,17.570100358802023
4.709796592620266,1.315861124662697,17.77396634456581
4.932758399720987,1.315861124662697,17.977832330329594
5.155720206821709,1.315861124662697,18.18169831609338
5.37868201392243,1.315861124662697,18.385564301857166
5.601643821023151,1.315861124662697,18.58943028762095
5.824605628123873,1.315861124662697,18.79329627338473
6.047567435224594,1.315861124662697,18.99716225914852
6.270529242325316,1.315861124662697,19.201028244912305
6.493491049426038,1.315861124662697,19.404894230676092
6.716452856526758,1.315861124662697,19.60876021643987
6.939414663627481,1.315861124662697,19.812626202203656
